metric,value
MAE,0.5315994131306139
RMSE,0.6249183435104481
R2,-0.2568265287109994
